name,ra_hours_decimal,dec_deg_decimal
Gaia21fji,21.0661389,50.2445
IRAS 23226-3843,23.4233889,-38.4469722
1RXS_J173546.9-302859,17.5964167,-30.4828889
Gaia24csq,19.1140278,-26.9395833